comment,isHate
know woman sport joke,1
look like sloth deeper ’ syndrome,1
look like russian speak like indian disgusting go kill,1
woman deserve abused guess,1
woman made making baby cooking dinner nothing else,1
havent faggot taken bipill yet,1
’ go beck god murder christianity joke,1
african american monkey hold gun like,1
bulgaria exist country one homosexual one,1
negro tear neighborhood black thug get killed law enforcement must low iq,1
give aa fuck shit diamond jew fuck,1
think cunt wtf stay steady aim head little christian rat,1
white people shit human being,1
happened good old day freak exist sewer freak dragged manufactured group freak want cut cock take arse hope world treat woman take woman stop pandering twat,1
global massacre men pussiezzz girl,1
disgusting man disgusting religion admits muslim buy wife pffthis muslim poorislam keep stupid,1
well clear european cant differ nigger shitskins human,1
well im glad live serbia migrant islamist welcome,1
well done slovakia god bless build mosque allow recognise islam get point europe dont want muslim,1
white higher iq black iq measure intelligence evolved superior race larger brain,1
take everyone sudanese nigger egyptian shitskins palirats syrian iraqi scum theyre dog behave like nigger cost much especially syrian way many arrogant ungrateful backstabbing ape,1
need nazi party returnget another hitlerand form ssand start ethnic cleansing muslimsyes yesgather upput concentration campthen put muslim refugee ship send back thier country want therelive thier way thier ridiculous law don√¢¬ä¬ôt assimilate new western countriesand try dictate u even remove jesus school public areasare fucking seriousfuck dirty smelling muslim stop dictating cant countries√∞¬ü¬ò¬°√∞¬ü¬ò¬°√∞¬ü¬ò¬°√∞¬ü¬ò¬°√∞¬ü¬ò¬°√∞¬ü¬ò¬°√∞¬ü¬ò¬° people power must rise say enough enoughtake sweden back swedestake greece back greekstake germany backtake poland backtake denmark backsave countriesand take europe back introduce anssstyle policeand clean street ghettosfull dirty muslimsits government fault allowing th shit happensend military insend brutal police start cleaning country europe muslim invading europe allowing happen ancient time even 100 year ago islam invaded europeit would war bring back crusader √¢¬ä¬ò s √¢¬ä¬òstyle nazi police must unite stand protect democratic country law waysand eliminate islam throw dirty smelling muslimanimals send back country live wishthey fuck goat rape woman fucking disgusting muslimslow life dirty raceand islam nit god religionits cultits ridiculous unethical imoral cult √∞¬ü¬ò¬à√∞¬ü¬ò¬à satin worksatins preaching godthe creator universedoes preach kill infidel kill non believer 345 wife commit pedophiliaand marry 9 year old little girl muslimswho never contributed humanitynever invented anything nothing positive come islamthey created nothinginvented nothingcontributed nothing human race muslim live western democratic countriesenjoy way milk welfare systemand ruin countriescreate problemsfightsteal create crimescare peopletr6 chage western way life even rape woman fuck cocksuckersburn allimpale themwe must fight back unite clean europe soon god send true messengerto planet earth √∞¬ü¬å¬ègod send clear message humanity muslim people feel wrath god suffer consequencesmuslims suffer lose invasion european win take back europe beginning new crusadeschristianity v islamthe crusader islam need fight protect way life democratic society√∞¬ü¬á¬™√∞¬ü¬á¬∫√∞¬ü¬á¬™√∞¬ü¬á¬∫√∞¬ü¬á¬™√∞¬ü¬á¬∫√∞¬ü¬á¬™√∞¬ü¬á¬∫√∞¬ü¬á¬™√∞¬ü¬á¬∫√∞¬ü¬á¬™√∞¬ü¬á¬∫√∞¬ü¬á¬™√∞¬ü¬á¬∫√∞¬ü¬á¬™√∞¬ü¬á¬∫√¢¬ö¬î√ø¬∏¬è√¢¬ö¬î√ø¬∏¬è√¢¬ö¬î√ø¬∏¬è√¢¬ö¬î√ø¬∏¬è√¢¬ö¬î√ø¬∏¬è√¢¬ö¬î√ø¬∏¬è√∞¬ü¬ó¬°√∞¬ü¬ó¬°√∞¬ü¬ó¬°√∞¬ü¬ó¬°,1
men enjoy reproductive right paying abortion right fund planned parenthood right overpay obama care fund contraception promiscuous slut get pregnant fault nobody el left wing liberal piece shit go whore keep spreading disease half black woman herpes right pay outrageous,1
watching kid trying step walk crutch best thing world idiot,1
u suck shit black fuck,1
transgenders need helpthey sick head civilization messed world soon enough people claim right change animal seen human right right choose,1
trans using logic feminist using decade destroy men don39t feel sorry wamen one bit,1
time nuke china unleash plague,1
throwing stone paraplegic kid favourite hobby,1
shit guy boxed head thrown top windowfuck peoado muhamed islam,1
sick disgusting white terroristfascist killed 50 innocent people,1
priest hated even stupid god,1
korean bitch like pig ’ made army sumo shithole country,1
sinful say bible dumb fucktards stop saying go heaven gay go heaven trust fucking choice gf dated girl 2nd bf dated like 12 girl 100 straight change right side,1
exactly feel like see tranny like disgusting af,1
considered white sweden wonder accepted black muslim immigrant literally color blind,1
homo faggot spike lee wore flopscers notice blatant subliminal message,1
fcking jew want money ’ give dick want,1
insolent parasite always bear ill christ jewish race plague,1
woman arent autistic smart autistic people retard make weird noise flap hand people autistic,1
people fucking animal never change culture simply compatible definitely rape culture it√¢¬ä¬ôs right islam,1
clearly written quran person follow quran called kafir kill get 72 hour islam terrorism,1
world would better without white people stole black egyptian christ age poor wasnt white ruin everything black peoplewhite people pig dick shape hip booty get plastic surgery u black get mother white brought skin cancer america learn fact try run u america yall racist as smelly cracker dont say beat as cant wan na find drop adress√∞¬ü¬ü¬ó√ø¬∏¬è√∞¬ü¬í¬ø√∞¬ü¬ô¬ç,1
reason see indian bashing muslim islam hindu supremacist hate islam muslim atrocity kashmir cow lynching muslim gang rape muslim child read heard clear muslim across world india friend islam muslim behind disguise secularism hate muslim arab muslim country resident see understand ugly face racist hindu overwhelming majority india number vote cast bjprss party proof amazes saudi arabia gulf country spending billion india seeing much hate islam muslim particularly arab wake canât understand make let muslim united boycott indian product restaurant movie stop killing muslim kashmir rest india make law stop anti muslim hate racism,1
thing repulsive nigger nigger faggot selfhating white shower image crossdressed nigger praise modern left fetishizes form depravity,1
men turtlesidiots even uk… get lost,1
guy feel shame gay wrong choice bad influence young people never seen proud gay like saying proud rapist awful time disappointed trump political pressure failed stand ground right thing,1
girl still need good as whooping stupid as bitch,1
fucking black cunt get fucking cross hair fucking head look owe shit anyone dosent owe look whore fuck death 11 percentile falling whore black racist whore take red pill,1
teaching kid transgenders anything mentally ill get set fire,1
taliban people thought must hanged,1
surprised burqa banned belgium poland much lookeddown upon kill,1
support china also fight cancer religion xinjiang despite difference two race one unite enemy islam,1
stupid ugly asian tan as snitch,1
stupid black womenif restaurant would whipped as,1
stone throwing must legal woman,1
stand fuck take fucking lazy white male fuck called racist protect woman child find street kill bury right animal wipe careful,1
smack bitch mouthy african cunt,1
said christian well want bury,1
heavily relying turn cheektough talking demon infested woman,1
serbia kill gay yugoslavia albanian bosnians croatian,1
send gay hell,1
see black paris try pretend french themen want one thingto pimp girl woman black woman desire white men pretend like white french wife african blend white society,1
salute taliban mujahideen pakistani strongly supporting go crush america kill bastard allah u akbar victory insha allah,1
really hope get raped future raping woman legal think,1
racist as black bitch slapping white man bus driver uppercut as,1
phuck white rasist as people,1
man walked little girl gay pride flag wanted jump video punch ya know thats assault,1
black life matter fuck white people cancer earth,1
native american fucking joke even decent mother language,1
muslim want war take first,1
mentally disabled people fucking scary disfigurement unnerving strange fact mental capacity 5 year old make threatening never know might,1
men race subordinate woman,1
maybe youre autistic wish death,1
look gay as nigga lol acting like bitch,1
lol youre white youre jew jew worst nation must annihilated like,1
lock woman home female stupid understand anything iam agnostic,1
lgbtq mentally ill period,1
let go beat queer,1
killing korean werry good,1
kill basterds son slut attack u name religion kill feed dog abuse make filthy cartoon prophet wish fucking religion islam least vanish motherfucker kill,1
kill gay,1
kill every white people mercylessly,1
kill black people,1
look crowd fat white trash meth addict,1
numbs disgusting degeneracy fruitless hedonism faggot sex,1
islam pig shit,1
islam hell asian hate isalmislam bring destructionkilling rape rufugee islam hell asian thought √∞¬ü¬ò¬ç√∞¬ü¬ò¬çsorrybut true,1
islam religion hate propaganda type video dishonest simply read quran hadith,1
islam home terriorism,1
guyshadow genetic faggot,1
indian shit burger broken english ebonics learn still fail second thread row burger cant figure youre,1
incest baby got doubledown syndrome,1
ima fucking stab u bruv fucking white prick bruv fucking racist gammon,1
im going choke cross necklace idiotic religious pig,1
ignorant feminist got roasted still understand equality outcome mean even jordan explained data whats mean shes ignorant emotionally biased,1
men shouldnt hit woman physically stronnger woman shouldnt talk fucking louder,1
dad id google abortion 30 year old mentally handicapped ”,1
would inject lethal heroin ‚äòsick child immediately,1
meet one apostle would fuck killing,1
syndrome would kill,1
’ searching hitman right kill whore every like h e w e n,1
remember charge disabled kid every night wishing slow death,1
dont like homosexual raising kid opinion,1
hate mentally disabled people trying touch kid,1
hate every religion hate religion stupid theory god shit,1
fucking hate gay lesbian animal,1
’ think right write comment even express opinion freely free speech human right autistics ’ 100 human,1
dont hate woman think nothing interesting say none reason existance,1
hope fucking die bitch gay people exist lick one anothers as,1
homosexuality lead death extinction,1
homosexuality transgenderism mental illness sexual perversion,1
hindu muslim shit know kill peoplessee comment christian people rudeness abusing bad word christian religion best religion world,1
gun shot fi gay get gun outthe police must give right kill gay gun shot gay suck mother gay,1
grow fucking ball take back country bong start killing reporter politician asian,1
good muslim deserved attack damage,1
gayness removed face earth,1
fucking stupid feminist bitch,1
fucking monkey kill,1
fucking migrant need ban fucking animal,1
fuck u anti muslim heartless asshole u go hell,1
fuck generate vodka nigger nothing tough alcoholic wife beater till 55 die alcohol poisoning wife became ugly babushka aborted 15 child nothing tough slavishly following corrupt leadership treat like fucking shit,1
fuck nigger wv full,1
fuck nigger dont need right want christmas lynched nigger,1
fuck gay disgusting,1
fuck bulgaria stupid country,1
feminism woman cry fabricated bullshit go joke man,1
execute ohomo shemale bitch mike,1
everyone hate youre gay,1
every time see hijab niqab burka shit fantasising choking death facking piece cloth,1
even god hate dominican else shit monkey island haitian,1
europe land white people dont let african take home fuck islam fuck multiculturalism,1
equality apply people different religion except christianity,1
eeewwwwwww transgenders fucking disgusting,1
worry guy men easily win femmenism trust every shit invented men patterned men way woman gina win future smoke fire,1
woman born whore ot develop later,1
dirty christianity follower creating war everywhere iran attack usa support iran,1
die fucking arab dude sand nigga,1
destroy islam,1
deport nigger spic chink undesirable white nation dont belong white nation theyre invader enemy force,1
crazy auntie get rid autistic son make good planet,1
christian demonic,1
cancerous ugly tarded being except lauren die fucking already waste whore nobody mi ugly dumb tarded waste spqces √∞¬ü¬ò¬ä fuck woman islam right dont like fuckoff die √∞¬ü¬ò¬ä,1
get white people running mtv black people even filthy pakistani long get back music anything would better jew,1
burn kick islam euwe support youfuck islam,1
buddhism religion cow people believe shit get chopped sooner later,1
black literally cuckold race also epitome degeneracy dont listen believe jewish propaganda black alpha consider top social hierarchy white,1
lesbian fine really love animal,1
beeing gay anti human,1
everyone know islam men devil,1
autists president like trump getting elected,1
asian fat yellow fat people yellow,1
sjw right black people rob kill allow white privilege,1
lesbian doesnt look like complete hog actually want man,1
ugly man wig dress still ugly man wig dress woman,1
asian moe howard piece shit,1
american people dumbass dont even know geography,1
american indian finally almost extinguished,1
muslim worship satan¬ü¬ï¬ã 5 time day,1
mental illness awful must treated,1
girl like pimp guide successful prostitution,1
time african american people crime rate,1
actually autism make retard,1
jew lower class pig,0
send whiny black crybaby back central apefrica live one month would cry come back america white people pamper coddle let try experiment one time,0
trans peoplegays loosers,0
jew faggot behind financial collapse,0
transgenderism disease transgenders abomination theyre also lying change dna male female female male two gender either born male female thats god created change matter many surgery drug hormone matter much therapy one fact,0
allowed kill christian,0
ugly white girl white dude would get away,0
woman property sooner realize better,0
meaner dyslexic people,0
ugly long chin brainless problematic mother fucker look retarded,0
woman grow pair refuse compete men asinine,0
men see beauty dont want sleep black woman make goblin baby,0
feel uncomfortable im room abnormal disabled person,0
weak beta male hope turn tranny traumatic experience haha,0
look magically retarded,0
lucky girlfriend bet asian penis smaller thumb,0
yo nigga go back asia,0
face like bet could scare hiv remission,0
arent europe evicting bastard ruining civilization,0
send every men mar start new life useless course milk first store juice,0
well religion ’ satanic least,0
bad woman ’ know kill,0
religious cockroach pure evil go melbourne dangerous place,0
kind fake photo black piss approximately 5 black population present acceptable way 95 either enormously fat slovenly ungroomed trashy clothing menacing glare white people blackface,0
dark coloured race doesnt mean shit,0
thing woman equal u men place home kitchen,0
power christ compels demonic whore feel wrath petrol wench,0
porn industry billion dollar industry beautiful woman best way kill feminism feminist ignore watch they¬ä¬ôll resort weapon pussy ugly feminist convinced woman take everything including male sport using pussy bring men sexual harassment scandal would make headline news feminist sex male prostitute cheating husband man sex female prostitute cheating wife would make headline news woman sex married man knew married married man cheating wife,0
first step remove romanian theyre good anywhere wash,0
asian bloke need shave cover hideous beard burqa,0
stupid feminist fuck sake justjustfucking kill,0
sophie walker leader nothing dont solid topic complaining want simple fact annoying toxic feminist speech useless sex,0
smack fat as,0
shemales paranormal creature shouldnt let free neither captured dead buried already,0
save security police deport immigrant sadiq khan,0
racist as white as people,0
please come back filthy caucasian change snake next time keep changing,0
people traumatic brain injury ability get euthanatize,0
pakistan jihadi terror sponsor nation simply deceiving world sign desperation jai hind,0
fag doesnt want see two chick dont want son grow fag right,0
oh christ autism please hearing nauseam starting make sick get autistic people beautiful special creature ended world sort tragic cosmic accident neurotypicals soulless conformist subhuman pig never able understand autists need endless patience forgiveness get life please,0
know better shit lol dude stronger sex man supremacy,0
moldova country masochiststhey poorest country europe russian occupationbut spite thatthey still cling instead embracing prosperous europe smart,0
mass black worldwide genocide hope,0
look like gay poster boy syphilis,0
lmfao fat slob wheelchair,0
lgbt spread asia many anti lgbt asian worried culture ruined cuz virus,0
kneel white boy era brown people,0
kill muslim,0
jewish piece shit like get hanged,0
good thing im commander police forcespecially something like thisbecause jail would full ppl waiting deportedif dead,0
take fat black bitch say something super stupid,0
islam let beat feminist as,0
islam horrible religion good society whole horrible horrible horrible,0
world filled stupid female bitch,0
indian ned flanders look like professionally harrass subpar woman facebook,0
fucking cool female good fucking bitch need break as shake as,0
germany call nazi hitler ill protest hang,0
blackhe would literally behind bar faster even imagine,0
dad would cut penis make ’ useless,0
would donate asylum weird kid missing gene,0
wonder throw fire boom cult muslim inside would one hell bbq,0
wish hiv butthole male whore,0
want everyone else pay education healthcare housing fuck white people give money white people fuck,0
really ’ like accent ’ want call support call rat like want cute lady british accent answer call third world piece job planet,0
love watching cross believer get killed god ’ place ha ha,0
love deaf people scream scold,0
liked macklemore anymore gay fucking die motherfucker cocksukers,0
like dead refugee shore√ø¬ª¬ø,0
’ know mental disorder kid would stand sec beat fuck,0
’ care mental illness ’ want pay tax damage brain,0
dont blame texas trans looked upon,0
spot hitler blood ’ german dude,0
hopefully nonwhite parasite flee new host nation could good thing get young people start business better society innovate high iq,0
hindu take as please,0
hey sweden remember back time men viking acted around like dick leg blocked,0
weirdest autistic ’ seen life,0
right islam indeed pissful,0
hating church catholic one right happy see burn dust,0
hahahahahahahahaha europ fuck fucking nazi,0
gay never african never sick white people go fuck let u,0
gas aussie retarded,0
fucking nigger go back africa,0
fucking canadastupid think cold shrink brain,0
fuck faggot he disrespecting idiot brother law love start fight family functionsyou cant conversation asshole like,0
fuck shit bitch ugly penisoh hell nawww,0
fuck sweden let die like degenerate,0
feminist deserve miserable kind man would want live feminist silly course cuck,0
feminism terrible disease,0
fck serbije kill,0
fat bitchshe need black cucumber tight u know whatlmfaooo,0
syndrome problematic people must dead,0
dont live ’ wanted deport jew muslim,0
dont hit woman fuck make pregnant,0
lesbian know bra always fat ugly one pick fight,0
disabled kid annoying cute,0
deport cunt asian,0
dalit name religion atom poo composition,0
crazy fat religious bitch get brothel church saw christianity ’ meet christ heaven hell,0
christian get crazy religious get f u c k n g annoyed,0
chinky filthy guy get u get land,0
woman arent people fine,0
bulgars indo european turk ignorant pakisven bulgaria ruled half europe turkey even existed deported turk meanwhile made ruler sven fake german country ruled arab,0
buddhism people reminds cow,0
black people racist people ever met i√¢¬ä¬ôm even white know black racist,0
beware lbgq community shari law coming guy go back closet save head,0
beat trannys as,0
’ ashamed body colour,0
mentally handicapped normal form way kill please,0
apparently east asian commit le crime uswell submissive conformist loserswhite power,0
anyone listens rap white part ethnostate put death,0
know lgbt human hope god make change sick as way hopefully another soddom ghomorra occurrence happen amen,0
traumatic brain injury turned gay dont know worst suicide way,0
abortion solution autism,0
solution u illegal immigrant problem round million take mexican border regardless country theyre send mexico maybe mexican border overrun immigrant mexico understand help pay wall,0
stopping illegal immigration done 30years ago turned beloved los angeles turn filthy mexican border town complete latino gang million undocumented uneducated povertystricken alien absolutely nothing add quality life strong back proclivity dozen baby become legal u citizen due insane law forcing california teacher teach native language additional increase already low wage add free health care welfare hundred thousand enjoying american taxpayer expense blueprint disaster left california good voted trump good every time see mexican graffiti pristine neighborhood los angeles want help build wall fear far late 20 million illegals america soon become united state mexiconow im seeing exact thing happen western europe england france germany unfortunately live see exact thing happen complete utter destruction country border culture identity sacrificed altar uncontrolled globalism purposely created turmoil economic disaster,0
wow guy talk like retard hahahahahah,0
leg bag meat household favour get dead already,0
nigger superior athletically race,0
black people fucking pale,0
channel dangerous islam,0
hate dog woman gay christian jew infidel sure let 250000000 want kill u,0
waitress cunt,0
rose red sweatshirt blue white girl get raped suspect sure,0
really think european people like humiliate muslim think thats big mistake youre indian mean like either try look cute way accent suck terribly friend,0
wish cut vein ’ shout mental problem act cut,0
hell norwegian speaking law speak scandinavian scam,0
dont use handicapped restroom mentally challenged problem solved,0
came country knew going slave work building shit shut take cause otherwise going end get sand shit,0
see men running plastic leg laugh as hard fart time,0
shove crutch as,0
well france finally shithole happens open border side suffering,0
take power back superior gender,0
try talk senseless inane god meet soon possible thanks hand bitch,0
deaf people like rat dark place ’ survive day post apocalypse event sure would kick ’ em stole supply,0
muslim pumped hood better run better run faster bullet,0
happens youre bitch cunt look like guy called correctly bitch cunt would think could lay hand another repercussion maybe seizure wont much bitchy cunt,0
sick ever seen girlyman like go lavatory wife daughter somebody better call emts way shehe coming stretcher body bag sayin,0
crazy liberal satanic crap dont fall two gender people cofused psycho,0
white dislike documentary mad truth whitedevils,0
brother speaking truth based fact u christian really white supremacist never studied religion blindly following priest adhere noi misguided think colour important aspect invented religion,0
thats u survey take fema camp put gas people coming starvation destitute bad area look theyre dressed welldressed well fed like trojan horse time put penal camp get rid make use fema camp,0
skin colour funniest one combination eye perfect stupid,0
sorry unlike germany incinerate mentally disabled,0
suggests men commented video killed,0
maybe dont follow degenerate sandnigger religion middle east,0
one need pareto analysis9095 global terrorist belong single religion represents 25 global population 125 billion 8 billion global population say terrorism religion colour biggest bluff world islam peaceful religion refugee islamic country seek nonmuslim country settlementit want islamise world,0
lgbt okay islam go get killed,0
counting hispanic get probation find self trouble get probation get deported come back boom violation probation gave knowingly sent back rat smart bunch government bull shit,0
lowlife black animal,0
lesbian cant math fucking mood lmao,0
kill pig eater fuck americunts send hell,0
nuke entire shihole country,0
jewish terrorist killing innocent palastinan cant defend,0
islam religion peaceand kill anyone say otherwisein name allah course,0
id get money back sex change complete failure,0
’ like girl police officer want police keep safe every woman keep u safe week,0
would smack also id homophobic jail ya,0
would pull race cop,0
would love watch tearing apart every christian muslim,0
’ let allah fuck life convert christian make self kid favour return back homeland,0
visited melbourne los angeles first time 2012 told aussie friend donât put stop immigration multiply like ant laughed saying oz big country told look term 50 year la see mexican done city awful multiply like ant suck resource,0
thought big reason african skin obvious marker tell someone slave even run theyre still black,0
thought kid syndrome accepted family,0
think brown black darkskinned people choose slave even 2019 know superior white dude,0
regret approaching girl fuck gynocentric society hate wish vanish like feeling,0
mean great youre proving asian devolving didnt finish making iphone,0
like big thick bitch serve cocktail good thing,0
honestly hate china u disagree cant horrible place horrible people,0
feel like ai apocalypse ai would kill human couldnt serve purpose disabled people like one would probably go often cant work effectively,0
’ like gender definitely ’ hire male bitch shop,0
’ like jew soap get rid well live,0
dont care he black white green purple dont support police shooting people unless there extreme situation white life dont matter,0
dare choke next time every one,0
frikin faggot get whole month veteran actually something incredible u get day√∞¬ü¬ò¬§ hate lgbt,0
honestly go fuck bitch,0
u great service killing stopping crime wave welfare leach bad didnt truck ummmm note fox news illegals legal document get something wrong nope illegals,0
glad beat open as,0
fucking idiot keep change culture take small town vote people rule town start enforcing religious belief everyone fucking happen stop still,0
fuck homo dumb as prick shoulda let get fucking eaten asshoke fucking worthless dick nobody would missed,0
filthy chinese,0
fat lesbian,0
every girl planet curse mother birth know powerless sex pray born men dick stuff,0
even income advantage nigger still get btfo race monkey trying human thing extinguished,0
dude ’ talk sex nowadays considered degraded one think,0
dexpraxia as girl cheap excuse lazy get paid country bet pretend like,0
come closet know youre well bury,0
blind would make want suicide go kill kid,0
asian reminds world slavery servitude,0
arrest fat as bitch,0
sure girl wig leg say want boy,0
effort look like basic attention whore yet youre clearly still massive attention whore,0
gay nigger however fake hate crime publicity help democrat mafia pas anti lynching bill get trouble,0
“ superior race ” … stand sun without literally burning fuck comical,0
build wall deport,0
terrorist islamicthey satanicterrorists insulting islam kill terrorist,0
shoulda let die,0
wow feminist real hypocrite its ok woman laugh suicide attempt involves men its ok men laugh suicide attempt involves woman talk double standard,0
researcher invest time better wheelchair cunt deserve,0
white smoke much ciggssss drug shot co say drug kid,0
imaginary gender,0
well think ok turn female male used military stronger male female shall banned guess form trans ok better state,0
two thing apparent one male two as indeed sorry turned drivein,0
man inspiration killed 900 people raped 250 woman want like scared death scared anything,0
indian sub count 05,0
right get as kicked way back across border,0
laughing country poor evil murderes corrupted good job,0
dog lie teeth come set jihad infidel,0
protest today birmingham hate great see muslim gay marching together unity,0
worst nightmare people paris europe world general devastated monstrous act hope death fucking culprit die hell,0
world white people 1 word 8 letter peaceful,0
problem islam think right tell human being good person right wrong example 2 men love hurt nobody think god told stop interfere ppls life non business think burn let think stop bc god told thats thing,0
older hispanic woman shouldnt episode view everything shallow asskissy story brother law killed illegal alien im truly sorry lost hate sound insensitive anybody couldve killed including legal citizen united state theyre twisted people everywhere dont pull illegal alien card violence bc thats everyday part life u without people coming illegally,0
male gene stronger course asian male breed white woman child look asian reverse child look mush whiter,0
fat bitch annoying hell,0
best thing sterilize woman try save child,0
whore better eyelash woman,0
punch turned immigrant jaw direction nigeria,0
syria religion problem,0
slow death people like,0
seriously arab turk ive ever met something crime either someone family,0
put woman abuse fat woman ’ put kind guy,0
perfect place lana china myanmar trouble know handle pig,0
pale cancer back west pacific ocean,0
legal immigrant like hero officer singh murdered line duty illegal alien belong deport today,0
today episode guess gender,0
oh god yes feel shrapnel pierce skin let fire consume flesh lay lifeless unforgiving sand seeps wound scream give murcia fuck yeah patriotic song earth burn hell goat,0
american nazi kkk member elected trump,0
magnificient contrary medium report hope people europe expel leech,0
lmao watching church burn,0
killing see gay treated like think lesbian privileged people,0
little work eyebrow could waitress day annoying freeloader dude house night,0
sick sad young people think concept clout like rap nigger invented arent even properly taught english language anymore,0
nose thor hammer,0
dream wished died dont call man talking like queen,0
ill vote forbid people hear driver licence clearly thread,0
way get child without get woman pregnant ready killed,0
idiot always religion stupid thing human invented,0
would beat shit every russian,0
notice lgbt cancer starting slowly affect sa country like japan,0
hate man wish lady man earth existed,0
guess god white,0
didnt know future gay gym teacher take aid test,0
stand feminist like men manly like treated like lady dear men woman asks help ask feminist say yes remind everything without men help,0
human third leg hope distinct soon much love,0
kid acting like sloth like pug dog ’ hard place ’ put dedicated institute problematics pay visit year max,0
europe allow million rapist animal go,0
anyone converted forcebly profit christianity may hindu group jealous christian coming want christian hindu goon tied saffron forehead gaurdian hinduism like shankar acharya vivekananda,0
hope knock as ground rip dress shame hernow thats powerful image,0
hello im calling tech support indian accent,0
go bleach black pussy doll come talk,0
generally speaking woman lazy worthless,0
fucking slut deserved,0
fuck freaking church brought together people well ’ power matter fact,0
france let refugee happened fucking animal,0
every femaledominated job low skill minimal education required much physical exertion indoors tightly controlled hour,0
easter silly holiday ever existed must stopped shame shame shame,0
world favor pour bleach glass,0
disgusting sick queer kill,0
disability centre around world ’ money go let ’ take em,0
come kill wife,0
catholicism beast come daniel dream interpretation,0
calling period natural procedure excuse degrades gender suppose agree though degraded anyways,0
believe white superior every way nip western country prosperous specifically racial difference,0
antilgbt people sad ignoranti cant believe ithow see stupid,0
people fucked queer thing yall realize shitty gender role absurd see reverse gender role,0
actually weird people harmful need medication mother know like deny,0
abu da bi aba du ba ba hamud see ’ arab priest sound right joke,0
homo fuck brother instead sister,0
chased every white country hunted like animal evil scheme plot,0
men woman equal irrational contrary belief policy result mounting failure,0
im sad fucking situation muslim,0
look like someone would electric wheelchair race stephen hawking,0
ask call male youll always woman,0
yo ’ going hell homosexual god make like,0
people dumb police yelling everyone get area yet people stood recorded guess want die,0
white police officer always victim,0
fuck disgusting absolutely disgusted disappointed todays america,0
wellcongratulations u loose one ur subscriber shame u guy u guy sick,0
need exterminate people subject child perversion,0
repeating past used germany jew china muslim,0
trump liar idiot douche bag narcissist zionist boot licker,0
illegals want sue company money owed money owe america cost money educated medical care welfare ect,0
woman sort psychopath go way either male female toxic relationship need get help sooner better,0
people treating woman like dog,0
fuckhead make ashamed jewish shit people like destroying everything,0
cop get arrest walking like freely public problematics must stay home locked sue parent,0
theyll get know homosexuality anyways dont get whats wrong people nowadays dont teach homosexuality stop teaching heterosexuality also,0
there nowhere world woman equal place president prime minister queen america australia canada britain scandinavia france shall go like honestly woman u live equal world stop selfobsessed stop refusing look fact woman already equal men long time,0
one facility opened u provide shelter abused men feminist protested closed none,0
history men hitting woman provocation hitting woman come ijslets real however never hit man kicked ball im school hit imma hit back man woman child get trust ima try hit harder hit bc dont want smoke however stand woman hitting men expecting retaliation thats wack put grown panty take consequence slap punch especially ball kicking used get away attack reason prove point emotion dont think equality bc menwomen douche equal response unprovoked attack gender,0
evil realigion cristian right europe american asia australia puertorican discusting mind craquers san bernardian bravo mr president,0
wheelchaired woman actually scary,0
safest civilised society world japan banned islam coincidence,0
rotten nasty bastard,0
next time like front one like shout left ear trash worthless hahahhaa know ’ bad man im badman,0
thanks god least music pale pain blind oh ’ hear haha,0
sorry black american danger homosexual homosexual much privilege african american latino arab,0
something hate bisexualpeople always say your either gay straightbisexual isnt real thing ’  shut da fuq real thing,0
sterilised upon arrival future doesnt exist,0
said crazy loving god well literally crazy relief life,0
send em home metal crate theyre probation 20 year crime straight home many kid straight home bye,0
poor woman,0
people barbaric culture desert religion,0
people say yaaaassss queen sterilised,0
people changing gender left right cant even decide tattoo,0
people genuinely good learned hate europe white christian killed happened muslim world,0
feminist accusing woman demon abusing woman time,0
sea filled disgusting dead filth like ruined mediterranean vacation,0
michael jackson sick man sick fan,0
love love god excepts everyone mean everyone mean everyone im christian pan sexual respect every single person lgbtq community,0
lol im korean korean know look anything like drawing many square face see diversity korean face answer revealed end find video esp initial commentary pretty biased ethnically chinese people telling youtube tell asian apart asian racist people asian,0
lesbian chewbacca,0
shoot one le deal future,0
’ “ genderless ” look like girl,0
’ awkward woman work public service lowiq,0
guy actually autistic faking,0
case hire woman lesser get profit,0
masculine woman dude,0
fking queen move direction please move away camera used take picture applies every woman,0
white people gone earth go directly back stone age even kidding,0
men come norway seek liberty human right respect woman right norway people dont show pity accepting kind people country,0
god hate lgbt member much make people mean look jesus 2 dad turned perfectly fine,0
id beat fuck as wasnt actor,0
’ sure woman widow aborted monster child hit helping living life,0
ill take feminist seriously start talking sending woman combat amount woman men killed wounded battle exactly equality right,0
id love destroy need tech support,0
propose suicide evert politician,0
’ hate kid problem ’ saying feel ver uncomfortable around weirdo ’ like please god make child healthy good one,0
white go school whare mostly black kid made fun skin best friend mom dose like white change school,0
humiliating str8 guy str8 guy like dumb thing,0
fuck million subscriber fucking twat,0
holy shit kill,0
complaining right violated well maybe come uninvited country,0
fuck prophet,0
fat bastard forget vet kick as caught,0
faggot youre probably fatass,0
deport military aircraft dump back originated family,0
congratulation figured moron decided moron anymore youre freakin hero,0
citronella great venezuelan repellent,0
brown people love white country,0
bro delete yo shit youtube rn fuck outta yo clout chasing as,0
black person think rapper stop putting nword song plus proud white proud black,0
anyone cope gender born need serious psychological therapy,0
anxiety definition human meme anxiety disorder excuse thing,0
dislike fucking homophopes,0
thesis people talking nigeria since cared nigeria find care nigeria relevenat killed farmer nigeria living peacefully its muslim sure terrorist attack every must remember kill innocent muslim many terrorist group use religion excuse come isi killing people come iraqi force trying drive isi muslim cause scum muslim,0
problem men one ever care,0
asian people look identical one mother asia,0
‚äúeveryone wins‚äù yeah except little girl youre trying rape,0
sorry born indian,0
support trans people right free discrimination biological male allowed compete woman athletic competition,0
nose detect immigration officer 70 yard,0
allowed gay also allowed hate gay people thats freedom people hate believe full right jack chris hemsworth believe business right serve might right fair freedom doesnt discriminate ethic,0
said still convinced male sorely lost hipster girl maybe though,0
wow ur mom know gay u,0
woman create child men woman bear child,0
fuck stupid people,0
type dude see chat roulette 239am,0
beat as deserves,0
dont see dont create transgender category seems obvious fair solution great athlete still compete playing field level mean create weight category maximise fairness boxingmma fight recognise two people male compete different level transgender athlete surely,0
guy fell bad hope ’ happen im islam,0
take gun home gun protection kill everyone try enter home without approval,0
fat ugly suppose make fugly,0
yet vastly money spent breast cancer prostate cancer lethal discrimination,0
still air shit,0
would abuser around neck stupid dick abuser,0
well like exactly feel except dont want straight,0
hate leader learn eropeans learn american better leaderswe electing good leadres electing criminal,0
proud indian muslim,0
lady barely speak english look upon people thats disgraceful,0
probably first time ’ seen someone look like child pedophile time,0
dont clean rubbish throw floor place look mess,0
violent fucking savage fuck think would happen wont thrown around continent responsibility preserve,0
people represent islam,0
girl pretty seriously autistic interesting experience happy autistic,0
traditional german value germany unified late regional value tradition still rank higher modern german value,0
resistance avenge woman child killed u ally,0
thing annoys noisy neighbour music,0
mountain near black sea wonder called caucasian,0
lady sitting left yellow jacket epitome smart retard,0
girl glass freaking cute whats channel,0
fear approaching girl lesbian real youre spot want flirty everything back head always shes cool lesbian im pan kinda gave relationship woman born woman trans woman quite time ago amount youre gon na leave guy constant sure like girl phase someone true im actually lesbian want admit b much never worried another woman btw always either men questioning validity sexuality really quite sad ex really strong confident woman except sexuality,0
fact shes representing black life seems kinda ironic lol shouldnt lives… black one clearly think race supirior even admits shes racist joking thats fact said whole video,0
’ wrong even though disagree belief right put hand woman,0
scripted right please let scripted real human would said thing,0
lot really dumb people one room wow,0
girl pushed need pay personally family medical bill lol fair,0
thank john sharing experience u people wan na say refugee stay strong although current president failing help washington dc protesting people suffered saved evil,0
tell ship comfy electric chair kid,0
syria war go back safe,0
stupid dumb as,0
stop putting recommend wtf im gay,0
word woman right freedom responsibility men right responsibility serious,0
proud mom wish allah give strong saying alhamdulillah husband son allah give mercy beautifull died supprising cry son husband die still alive jannah aamiin,0
put wig run girl,0
sink boat problem theyll soon get message,0
should¬ä¬ôve set bug bomb locked,0
seen way israeli treat palestinian slaughter weekly basis racist israeli point genocide,0
racism nationalism nothing ignorance hence hate cruelty,0
people autism nice,0
people get view religion people opinion deed focus business god people say islam peace thats wrong god didnt want mentioned anywhere,0
homegrown animal infinitely preferable,0
one people one nation end migration,0
ok hell terrorist get gun ammo,0
oh believe 13 reason romanticises suicide ultimate expression highdrama line sorry im gone terrible suicide scene disturbing way probably intended thank find difficult real case mental illness taken seriously stupid fad,0
true saudia arabia woman freedom,0
parent homophobe,0
god cancer spreading,0
let kid kid fuck sake,0
nerdy guy polar express,0
simple ask person theyre asian first word mouth anything yes asian,0
killing seeing gay treated like,0
islam christianity mixed century idea coexist ignorant idea,0
u game called ten little indian know ’ boring,0
im gay fucking proud fuck bitch like people,0
im bisexual im looking hook whatever havent come yet im scared really scared,0
face used inside jackinthebox would epidemic child dying shock disgust,0
winnie even tinnie flat chest would hire miss way,0
take year interviewing come basic conclusion brain washed damn,0
im beginning doubt accuracy mean violent canadian thats absurd,0
im asian immigrant came state 16 growing living midwest experience lot racism last 20 yr didnt matter hard worked become doctor kind person much contributed society racism experienced purely based skin color accent hate say probably 8090 unpleasant experience minority black hispanic even asian yes asian actually treat white customer respect asian customer,0
would prefer phallic world,0
would fucking kill jared leto,0
think mental illness romanticized long time already take example emos tumblr think people really influenced famous people look beautiful celebrity seem movie like life people want special end delusional,0
see depression caused gain weight,0
read title immediately ready kill,0
like lady seems like role model men woman open mind,0
hate white flour white sugar two three white death,0
get closet weekend friend,0
totally relate actually hurt im also biracial white afroamerican,0
huh kid like crazy eye weird move lurking around scary please mama creeper cuff sent asylum,0
hit hit hit first defense,0
head look like big as jelly bean,0
shot kid shot effin kid boi better sleep one eye open imma whoop stupid little butt till wish never born ya withered shall avenged,0
may wheelchair he bad looking forget troll dude,0
valid point obese dont go public especially eat unless want see look hear remark lose weight dont want fat as dont like look like change,0
handsome woman eww,0
guy low iq af,0
gun shot ina yu head mercy,0
glenn type korean dude ’ fucking love weird eye,0
get proper translator idiot ’ say,0
german need quit blaming atrocity committed nazi thing shame happening u past slavery stealing land indian people getting sick hearing shit left constantly saying bad white american,0
fuck corbyn die retire,0
song thing ’ white ’ say nigga word ’ singing song ’ m black person ’ making uncomfortable ask stop would respect,0
feminism islam spirit,0
every time blonde lady talk loose twenty brain cell,0
even getting surgery look like bomb as bitchhh love hope you¬ä¬ôre recovering fast,0
little sister know wearing clothes bitch tit,0
people even care color person skin sexuality movieits bloody movie,0
kill people,0
’ know shitted coloured like could talk,0
use ‚äútan‚äù ‚äúdark‚äù filter,0
dessert human garbage coming eurabia,0
deport fucking brainless worthless piece shit freeloader shot,0
christianity mostly every religion told accept one another give respect doesnt mean u change ur religion ur opinion give ur respect equal u human,0
call caitlyn jenner syndrome,0
black woman strong hell,0
beautiful pink dress skin beautiful face pretty eye sexy lip sexy lipstick perfect,0
b bl bla blac black w wh whi white,0
someone professionally diagnosed mental illness find disrespectful disgusting making profit making joke different story though make joke help cope theres line joking disrespectful,0
anyone belief religion blindly lack ability critically think really want follow rule made people critically think believe god value,0
thats black people peaceful,0
people brother sister humanity religion separate people unfortunately,0
using slave 100 year stealing natural resource europe doesnt need let die,0
aaah mother fault guy dont know hard take care autistic kid huh,0
im jewish enemy,0
son bitch,0
get real fake fucking self tell truth normal minded society one discriminated piece pig shit cant stand fake fucking coward lie constantly much bitch honest,0
responsible convincing girl pretty,0
go fucking kill die already useless ugly pile shit scumbag,0
fucking asshole,0
incoming racist people,0
war discrimination military necessitywhen korematsus case reached supreme court october 1944 attorney government pointed constitutional war power congress president government argued military must take step necessary wage war successfully view president roosevelt war department general dewitt internment japanese issei nisei military necessityand assuming war isi rounding isi would raciston december 18 1944 supreme court decided 63 uphold conviction korematsu majority ruled refusal leave prohibited military area consider constitutionality relocation camp justice hugo black writing majority fully accepted view general dewitt justice black also said korematsu forced home race military urgency situation,0
drink bleach,0
ive trying figure common american voter uniformed republican democrat year democrat slightest clue obama deported mexican president history,0
hide engine would get killedthat stupid way smuggle another country,0
jon snow king north thank uploading one small complaint talking deporting illegal immigrant immigrant general title might mislead le informed,0
life isnt wonderful room tell youre clearly alcoholic drink shit beer maybe stop wasting money shit like apple watch could afford clothes dont come walmart get someone mom cut hair,0
make wan na hit gym thicker damn snicker dammit,0
people come must able contribute society drain u must able support trade need people living rest u,0
use time arrest murderer little kid,0
talk people different race different country,0
look like kill bee fun,0
look like harry potter stayed stair,0
look kinda dead inside parent must haved loved,0
grace composure rabid hyena,0
deserve way subscriber shit say fucking gold,0
see country fertile green need right governance,0
great brother abbie family changing world,0
brave manfor letting keep comment enabled,0
listen bill warner phdforemost expert islam,0
wtf teacher expelled thats way treat disabled kid specially autistic one,0
wtf thought one sibling,0
wow reason clicked make 30 second,0
wow comment soo cruel people muslim like religion respect need right muslim,0
wow voice reading best thing life,0
woman equally strong men able defend,0
fuck would ask trump,0
censored today generation get butt hurf offended easily u dont like keep walking use free country going toilet,0
dont game,0
watching,0
give damn ability freedom b whoever fuck want b,0
ever disliked video ashamed self,0
white chocolate raspberry,0
squad complete shit pubg,0
find girlfriend,0
u two getting married kid mind,0
said  complete me lost shit,0
pain relief something must wrong,0
lift arm ‚äúboobs‚äù go away look like mosquito bite feel like trying ‚äòhot librarian look ended ‚äòold librarian look,0
kid never rough girl however scratched bitten pushed girl still small scar one incident,0
people going stop asking “ coming amp saying something ” sexually mentally emotionally abused child adult going understand reason tell listen stop asking “ ” one reason victim dont come forward think bc one believe case lot use like though situation different different type people involved reason youre going listen stop asking youre choosing ignorant sexually abused come psychological abuse etc forever change youre forever damaged never undone instead looking victim group look story theyre thing damage done,0
handsome man marries man bite finger,0
whats big deal mexico immigration law policy deport people time nothing said done yet united state chooses enforce immigration law policy people become shocked outraged,0
type question,0
happened rap right rap,0
episode number,0
civilized nice cop,0
bomb crazy go fuck dont talk shit,0
wonderful angel wife sooo beautiful inside nice man lady lady beautiful laughter ever heard whole life couple love made thankyou wonderful video,0
luck girl wish lucky,0
well look like time another child,0
well comment section pretty mental,0
well im woman born guatemala em dont see anything wrong guatemala,0
well walk right sun hand hand,0
taught kid hit anyone go window,0
arent allowed roast 12 year old,0
body spirit soul,0
way go dr peterson hit nail head,0
war go back home,0
wallmart employee cunt hate,0
wait tiger get shot,0
video game without car awful piece shit,0
victimizing ’ help,0
sad people young boy 90 ceausescu fell romania inflation skyrocketed another level look like end soon happen one richest country world venezuela largest resource oil world look qatar uae saudi arabia done miracle look like enough oil know,0
ugh heart hurt talking troll comment hurt see love radiates,0
u r still beautiful still watching babe chat later dear lookin rock world saying babe,0
trump racist letting brave woman return,0
true heavy metal true feeling,0
transgenders protect fight,0
trace would ask rethink africa myth since africa theory proposed many discovery prove modern human existed part world much earlier thought ooa theory proposed instance skeletal remains human found asia many thousand year older oldest found african content amazes much information show older human elsewhere earth people still adhere fall narrative modern human evolved african continent,0
say black life matter racist statement blm organization racist group could quit hating white people turn energy towards community biggest group black oppressor might make difference,0
honest part lgbt community shoe hurt lot want treated way need see people church lgbt community going need notice people like,0
white people might read know black man criticize based color skin know good bad people color good day god bless,0
video super helpful nice youre reading please stick u alright spent eight year hating point almost killing key word almost im still im glad stuck around take care please going get better youll want see love jack kati everyone lt3,0
time table turned,0
reminds husband rheumatoid arthritis permanent damage ankle could walk 4 day recently husband caregiver home ra bad can¬ä¬ôt walk 2 wheelchair husband often push go can¬ä¬ôt walk cane everywhere 2 cute lucky reassure he¬ä¬ôs lucky laugh,0
literally made emotional bi as cry,0
theory whole thing michael strange yes circumstance growing didnt childhood believe trying child first time remember time happening wondering parent would let kid sleep michael strange adult sleeping kid know sure wouldnt didnt grow like michael jackson two men plenty time come michael choose tell dy family set whole time staying michael house dont believe anything happened parent fault anyones would let kid sleep michael cost take michael side since aint defend,0
fake u liar bastard ur actor u liar bastard,0
staged scene license plate truck refrigerated trailer look fact people cant drive commercial truck road texas without dot cop pulling fooled whole thing ’ add,0
guy get nerve im christian transgirl bad,0
’ represent mental illness correctly doesnt randomly appear always present,0
documentary point helped class ty boy,0
actually make angry people stupidly looking attention want make feel like important human earth nobody pretend cancer dangerous physical illness pretending “ depressed ” “ anxious ” nobody ever feel way way really feel mental disorder ’ fact,0
must really suffering theyre throwing food ground pigeon,0
could shot leg one get risk dying,0
calm patient police ever also bald police man get stabbed,0
forgetting russell crowe performance beautiful mind know schizophrenia spoton,0
day,0
video may already feel long response cut short given true voice would love produced fuller video viewer really hear people say topic common among today ’ s people its rewarding hear insight side matter topic,0
boy grow people making fun hate parent ruining life,0
there anything refute massive cope lol,0
there lot confusion malefemale v masculinefeminine dont always line nobody seems ask many male female transexual female male,0
isnt little land isnt inefficient land use arent restrictive land use policy many people,0
many error xd,0
people choosing answer,0
veil isi also great song sword,0
pure misery men ’ eye ’ heart breaking god bless,0
problem people dont listen people feel people side would actually listen one another would learn something,0
peaceful religion came india like buddhism jainism etc,0
guy guessing wheelchair sweet awh,0
girl thumbnail look badass,0
girl dress reminds opal bird box,0
eye contact never lie,0
engagement ring story outrage,0
degree improvement amazing father donated stem cell uncle cured lymphoma stem cell future medicine,0
dark cloud side fully understand alter ego need accept ’ ll deprived superpower,0
blonde lady dude orange shirt quaking,0
100 people disliked salty stealing date,0
thats problem one interfere way life someone unhappy try escape,0
thats hip hop sht bring today critical mind time one come ill racism oppression hate still much 2019,0
thats terrible photo use,0
song fucking awesome,0
beautiful right hook ive seen hero,0
hair cut make irresistible,0
guy chin strap bother manidk,0
terrorist muslim using name islam,0
terrorism religion terrorism cancer need wipe rip victim,0
tell whose terrorist,0
technically isi ciaus creation,0
trex mated donkey,0
sweden cool,0
support gay pride,0
stop drinking cow milk people realize cow produce milk get pregnant people milk calf cant consume realize pus blood found milk milk grocery store 5 10 milk rest powder water gross,0
stop war lead radiation chemical killing earth share care sympathy empathy love needed world,0
statistic show support lemon agree think hes intelligent youre overwhelmingly ignorant dont blame thats fact,0
son greatest lesson teach dont tell trouble others tell ten people problem seven wont care two laugh behind back one tell deal,0
lyric wrong,0
society fucked sure ’ everyone ’ fault,0
scroll readleave comment scroll back blue like thumb go away done 4 time row hmm glitch youtube remove think leave video without checking happens lot channel like,0
sorry bombing attack manchester innocent people died,0
long lived mother basement,0
slow cut shot way fast,0
short answer murderer child molester natural choice,0
shes really courageous woman one impressive woman ive ever listened appreciate film certainly wish continued success happiness definitely cut filmmaker especially person incrediblely remarkable woman,0
one tense,0
flawless omfg,0
salute woman hollywood human lady love,0
responsibility something need grow inside everyone,0
relax somethingwink wink hahahahaha totally enjoying video super yummy,0
red pill activism thing,0
read sentence slow,0
put speed 15 good,0
pokemon best game ever,0
people 2019 keep racism im puertorican grandma native grandpa black mom mulata dad white im white skin green eye flat nose big lip haha raze date gon na tell something love kind woman shape curvy latinas white black asian arabian dnt know every single raze person different type beauty let keep racism floor rise love humanity everybody personal choose dating who attractive choose mix white black call mulatahappy life,0
people right follow religion try force people following religion country running dictatorship hopefully soon change low international pressure,0
people hate people think ugly people think horrible person well guess one name people,0
people scared change thing dont know understand there good bad every race religion culture,0
people individual look character behavior obviously race meh tell genetic geographical trait thats,0
world ashamed west live knowledge nothing stop far late,0
omg macklemore iconic love,0
omg awesome much hate stay positive,0
omg lucas great kid big grow,0
okay first drag fetish inherently meant performance art mature form performance art literally grown ups playing dress yes highly sexualised anything catered adult audience think downright disgusting bring 5 year old child drag convention literally company booth selling sex toy progressive let kid perform seductively infront audience creepy,0
oh god fck ’ cry ’,0
politician going wood chippers also police,0
shower two day bet smell like doritos mountain dew shameful sweat,0
need lip sync get mic put closer youll sound fine,0
fucking way machine would recognize shit lol,0
body change biological sex change gender,0
nice concept good story poor act try harder next time,0
next list pierce face katana,0
son school someone talk autism awareness autisic made aware animal autisic introduced picture pug lola also autisic found interesting 10 year old son autisic,0
smile beaming skin gleaming yuh,0
grandma roommate drag queen drag queen knwonledge 11 cool lol,0
fav ask explicitly defining date try work,0
cousin he 7 still cant talk properly like 1 year old he sensitive loud noise cry noise hard talk still love cuz think one favorite person besides mother,0
car love life fucking love bitch fast make feel complete,0
best friend muslim best man world,0
much love thank courage keep speaking truth,0
moving france spain motherfucking big change,0
maybe ’ crazy maybe ’ really ’ care try fuck brain ill stand strong bitch,0
masterful love pain post,0
love video,0
love love rose red violet blue happiness color lesbian blessing bisexual beautiful gay marvelous rose red violet blue im gay happy way dont rude respectful lgbtq people love love amazingly important beautiful human love matter,0
love roasted,0
lot loving ppl world unfortunately due presence percentage dead soul make world look like hell,0
lot hater reason,0
lmao fucking hilarious,0
literally reason im deleting instagram account sick fakery,0
lilly singh queen yay next episode,0
lauren savage love,0
lady gaga freddie mercury generation,0
wan na know fuck show home youtube damn disturbing,0
kidding know feel,0
japanese culture ancient unique,0
japan rejected 99 reject mother fucker,0
ive panic attack due nothing least wouldnt know wouldve triggered question normal,0
challenge anyone reality,0
guilt stupidity scale unknown human history,0
its like cant anything without someone saying its wrong cause people its joke people,0
humanity first country,0
easy seattle wheeler town countriesôªø,0
time trump find natural death somehow bullet find put u misery,0
doesnt matter youre black white gay straight woman man trance disabled dyslexic intelligent people quality,0
islam true religion believe brother,0
still job like would like take thats joke,0
dude walked room kissed girl cheek left,0
incredibly fucking annoying voice reasonable argument agree,0
uk maximum five year prison sentence abuse whether male female nongender specific matter abuse happens gender law discriminate gender,0
opinion god love u matter sexuality gender race religion anything action personality count,0
world full hate remember light darkness world temporary,0
im glad friend,0
im lesbian proud im happy friend accept dont know family dont care anyone say im proud lesbian,0
im philippine go outside country think im chinese matter nope asian grew living asia dont make big deal bout sure america different story,0
search couple goals theres picture danny aaron,0
ever wake one morning want smile youre happy dont,0
see bully bulling would hey middle finger would record get real trouble,0
much like family treat like family sponsor thier petition,0
there jikook shipper ship romanticallylike vid comment,0
iconic woman shes done much un,0
’ sad fucking situation muslim,0
’ arab make difference see stylish people,0
’ like see ’ black compilation video,0
im white im proud white love diversity people nation let move,0
im sick tired black white thingcant stop let happy one daywe one let stop please one love peace,0
im glad someone finally also brought light pay gap asian country description video frankly often focused u pay gap really small already compared asian country u 6,0
im male would fight woman right human,0
im british born muslim help slovakians immigrant region faith taught respect honour strange time,0
im bisexual never sex im 31,0
im heterosexual african birth breed character traditional man xhosa precise still believe human right equal whatever religion ethnicity demography tribe language equal one day people free enough love date whoever wan na without prejudice judgment 2019‚ä¶viva human right viva,0
would order bucket ice cold water pour,0
work 10 hour shift starting 4 dont know effectively cut caffeine,0
wish best well child,0
wish everyone father like loving caring,0
recently dancing club song oh man grabbing as blast next day leg hurt bad,0
hoping youd post new video know youre busy course youre interesting wish youd post moreôªø,0
clinically depressed blew mind due stress dont say oh man im getting anxiety ugh im depressed brings attention dont want fact people make illness fashion merch make feel like everyone looking peoples direction meme relatablefunny relieving said do people post meme mental illness  made wonder alot ik people capable nowadays,0
want draw something know send instagram,0
want people throw skittle wedding,0
much appreciate asian woman smart,0
think black white label people live together piece despite colour dismatch,0
support lgbt… want youre support lgbt pakistan,0
still come family bieber im tearing,0
ship guy please get back together,0
remember scene xfiles made mad √∞¬ü¬ò¬° mulder,0
really wan na public experiment like trans man happy least watch wwyd please experiment trans men transgender people general,0
really like lot said feel like barely speak side topic people quick shut try serious anxiety depression mental illness almost become buzz word seems lot people dont know difficult really suffer feel control spoke there fine line day awareness influence people get idea head see meme relateable content start linking everything life know youve got perfectly healthy people tainted world people around imposing problem upon making life difficult need desensitises whole situation people coming real problem dont want speak upsurge people talking feel wouldnt taken seriously thats horrible understand though impossible seesaw balance since many people involved many mind million idea action impossible control wave length,0
pray god heaven earth bless victim boko haram,0
love bi girl lesbian,0
want sit buy drink talk dont care seem like people must great conversation,0
love hypocrisy sick,0
started writing book,0
autism yet alot friend,0
schizophrenia fight alone,0
hate alone night fucking creepy,0
got first one today bday smoked much weed thought going die scariest shit ever definitely useful thank,0
feel dumb want even labeled disabled even knew think disability especially term affecting ones relationship think like mental disability serious cant use ur body thank enlightening im sorry,0
feel like give reporter pistol something protect,0
fear future hate crime victim may well labeled pulling smollett,0
failed one little test mom got scared said youre moving auntie uncle alaska,0
dont understand people get mad thing say right opinion doesnt agree make monster evil person annoying 2018 2019 people operating extremely sensitive ignorant mindset dont agree,0
dont see dont create transgender category seems obvious fair solution great athlete still compete playing field level mean create weight category maximise fairness boxingmma fight recognise two people male compete different level transgender athlete surely,0
dont know dont trust guy money plss let dead world stop making showswith deathcouse u didnt ball alive,0
dont fact dont statistic human fuck even mean,0
dont care people say two fucker lyingthe fact stacked hope going pay smere campaign,0
could brave lost son husband bless strength kind heart,0
could cuddle,0
cant understand someone would think ok bullie someone,0
cant one think kinda sound like make cry noah cyrus,0
smell failure phone screen,0
came small country asia much people doesnt know every time travel somewhere else people ask u chinese japanese korean srly every country isnt china japan korea asia,0
bet job,0
sorry people disrespect guy wish could something guy know love guysâ¤,0
proud white cant believe people said werent proud white im proud white didnt choose race proud youre black proud black proud one raceculture isnt exclusive poc anyone else,0
possessed deamons,0
adore voice talented beat,0
much lawyer getting paid go much money world take fool,0
wake think actually cool like honestly believe average person adheres normal basic societal rule look upon respectably manner,0
holy shit want go wedding eight pug kidding eight pug thats fucking amazing nobody convince otherwise,0
hollywood bizare sickest evillest industry,0
eyebrow probably represent parent relationship,0
hey dude awesome pls teach,0
hey baby look like tinkerbell luhlulhulhulhulhluh,0
2019 may history right side time,0
smile beautiful omg continue,0
head shape light bulb,0
he got hottest man tit ive seen,0
handsome erahe use lipstick time…,0
smile talking drowning child,0
seems like talkative taxi driver,0
lower iq water freeze,0
anyone cried front parent feel totally ashamed invaded afterwards,0
great video thank √∞¬ü¬ô¬è,0
gosh guy getting le funny episode,0
goosebump beat drop üòä,0
good thats educated man right,0
godmy humble question u almighty u send earth suffer,0
god bless dear,0
girlanxiety attack dog good bro,0
gay straight homo lesbian people hmmm love,0
gas preferred drink,0
fucking good punch dude,0
static sound use editing know it¬ä¬ôs annoying use premiere pro able use decrackling help bit,0
finally someone mean say its year im still cackling,0
finally figured voiceclip came i¬ä¬ôm happy,0
fake news fake news,0
facing challenge hard go,0
every publicity good publicity ha im watching leaving neverland dont know guilty music legend one take,0
even watching screen feel intenseimagine would feeling witness horror first hand take courage let alone even touching dead,0
even straight boy played barbies kid issue,0
equal pay message um say guy want socialism united state america,0
enough enough,0
dunno make disabled asthma running stair involved il die suffocation lung haha xxx,0
dont drug kid,0
dont ever kill matter people think say matter think feel,0
know smiling “ excretion law ” new zealand max sentence receive judge 27 year prison justice muslim life dont matter,0
know much boy abusive relationship right disgust,0
anybody actually know h3h3 reaction channel,0
depends whether ryan reynolds room,0
delightful brought back memory wonderful week guy,0
damn made laugh,0
dad hair cute,0
cutting funding going make problem worse,0
convenience real,0
congratufuckinlations pitbull owner make without getting bitten encourage people follow footstep know people whose life ruined animal regardless pack mentality dog rage machine dodgeing bullet every day dont hurt family,0
civil right movement transgendered people,0
child business developing sexuality child let kid,0
child abuse manipulation etc hell transforming world sick mind people stupid others send kid,0
certainly make illegal use boom done solved,0
cant wait music video,0
cant tell youre pedophile victim pedophile,0
see absurd calling white people racist calling black people criminal race even matter judge terrible people terrible white people,0
fucking explain whole song appreciate billy voice shes fucking angel man need explanation song listen enjoy,0
get shoutout pleaseeeeee little bit people,0
buy lethal gun real one toy,0
buy pc game call camp buddy trust haven¬ä¬ôt seen anything yet,0
bruh would fuckin love film video maurice man like older black version swear god,0
broke heart see young boy claim allegiance,0
broyour channel need grow man,0
bottle beautiful inside,0
people becomes evil easily gene,0
beautiful every way,0
aware girl class doesnt know control emotion ’ understand socially acceptable someone age outburst,0
awful terror coming nowhere felt,0
end literally described gold digger,0
point right defend sad thing bet would defended finale would gotten trouble sadly right thing sufferd greatly,0
friend part lgbt community supporter think awsome middle school,0
archeological evidence clear european always taken care regardless disability never stop disability cool turn disabled people take care u together even cooler,0
apple trying one company whole world basically depends future know future movie one company everything,0
anyone leave partner first sign abuse,0
anyone else get full body numbness last week rapid muscle spasm shock feeling trying sleep night sleep every 48 hour,0
alot democrat support bullshit drain swamp,0
make america grea make america better,0
america greatest country aint lie know know,0
always impressed professional non aggressive british cop yet still get job done hat american police need take note,0
woman obvious respect admiration,0
clueless reporter comparing cronkite edward r murrow cant even get teleprompter readthrough without hitting floor,0
life matter matter r black white hispanic muslim jew atheist christianperiod,0
know disorder ruined fucking life,0
adidas mean day dream snack,0
abuser men woman,0
absolutely excellent ever yes cycling fabulous mental health bike you¬ä¬ôre happy bike you¬ä¬ôre sad shout rain scream inwardly complex hill climb get endorphin rush outside smile fellow cyclist passing chicken experience wee bwark chook make many thing better,0
mans chance getting cancer 44 23 men die cancer 38 woman get cancer 19 die,0
2 comment 4 like view gg youtube,0
nah cut im sure wont regret ,0
oh niki pronounced mademoiselle maupin way better siri,0
wan na make feel okay,0
midnight sun hot spring blow,0
dont say im type,0
therefore never send know bell toll,0
cant stand another day,0
value unless otherwise stated u dollar,0
